Model,Accuracy,Precision,Recall,F1 Score
Multinomial Naive Bayes,0.25,0.16666666666666666,0.25,0.2
Logistic Regression,0.5,0.25,0.5,0.3333333333333333
Support Vector Machine,0.5,0.25,0.5,0.3333333333333333
Random Forest,0.25,0.16666666666666666,0.25,0.2
